OrderDate,sales,data_type,forecast_lower,forecast_upper
2020-01-01,487.09638232385225,Historical,,
2020-01-02,534.6139086663829,Historical,,
2020-01-03,502.3909268154923,Historical,,
2020-01-04,523.6198205746347,Historical,,
2020-01-05,547.8885381133724,Historical,,
2020-01-06,499.5815712025773,Historical,,
2020-01-07,517.0398362018502,Historical,,
2020-01-08,491.0417282306874,Historical,,
2020-01-09,514.6479359182597,Historical,,
2020-01-10,520.8262857245404,Historical,,
2020-01-11,490.1053342908125,Historical,,
2020-01-12,507.6243843737928,Historical,,
2020-01-13,485.6131699517561,Historical,,
2020-01-14,510.30566452745177,Historical,,
2020-01-15,503.4347013489711,Historical,,
2020-01-16,482.8368878209933,Historical,,
2020-01-17,491.6180017650592,Historical,,
2020-01-18,505.722244428904,Historical,,
2020-01-19,487.9215749846842,Historical,,
2020-01-20,492.5160544415612,Historical,,
2020-01-21,515.7788084934394,Historical,,
2020-01-22,501.28845239300415,Historical,,
2020-01-23,520.4236777820018,Historical,,
2020-01-24,528.648779192955,Historical,,
2020-01-25,542.4187898461055,Historical,,
2020-01-26,501.8869708178146,Historical,,
2020-01-27,524.0663820329742,Historical,,
2020-01-28,544.6338790156852,Historical,,
2020-01-29,506.38862307255374,Historical,,
2020-01-30,557.6100463188941,Historical,,
2020-01-31,548.5718747463666,Historical,,
2020-02-01,530.9681017050061,Historical,,
2020-02-02,511.2901416778187,Historical,,
2020-02-03,514.9980640125389,Historical,,
2020-02-04,517.2805662005898,Historical,,
2020-02-05,563.7590998132548,Historical,,
2020-02-06,529.3872768114018,Historical,,
2020-02-07,544.7974762989437,Historical,,
2020-02-08,518.1360903438399,Historical,,
2020-02-09,579.1779735313272,Historical,,
2020-02-10,530.3313994920325,Historical,,
2020-02-11,535.1986773365704,Historical,,
2020-02-12,527.7720897489011,Historical,,
2020-02-13,531.6692229304352,Historical,,
2020-02-14,567.4460140606828,Historical,,
2020-02-15,550.472223481028,Historical,,
2020-02-16,540.1594094583086,Historical,,
2020-02-17,545.1612024363931,Historical,,
2020-02-18,540.375341646227,Historical,,
2020-02-19,534.2952229707836,Historical,,
2020-02-20,529.3825216005529,Historical,,
2020-02-21,501.3291705272886,Historical,,
2020-02-22,526.283289162225,Historical,,
2020-02-23,546.2376798740413,Historical,,
2020-02-24,551.7959044916026,Historical,,
2020-02-25,541.3774454446666,Historical,,
2020-02-26,574.6080595605325,Historical,,
2020-02-27,538.8130526596171,Historical,,
2020-02-28,565.5779309011339,Historical,,
2020-02-29,553.8474922392248,Historical,,
2020-03-01,558.5440133342145,Historical,,
2020-03-02,567.5095758321962,Historical,,
2020-03-03,522.1629073409551,Historical,,
2020-03-04,522.8789802861259,Historical,,
2020-03-05,538.684712233194,Historical,,
2020-03-06,546.1033713773421,Historical,,
2020-03-07,552.7245093388634,Historical,,
2020-03-08,575.0394620875733,Historical,,
2020-03-09,518.9003403142111,Historical,,
2020-03-10,573.4094014472274,Historical,,
2020-03-11,576.2198929688362,Historical,,
2020-03-12,537.4128370018176,Historical,,
2020-03-13,567.326912788704,Historical,,
2020-03-14,543.3664079067981,Historical,,
2020-03-15,545.6398494184316,Historical,,
2020-03-16,546.566428095807,Historical,,
2020-03-17,545.636855339563,Historical,,
2020-03-18,569.2082042457054,Historical,,
2020-03-19,550.4368373040653,Historical,,
2020-03-20,560.6409642906679,Historical,,
2020-03-21,544.9640606699905,Historical,,
2020-03-22,534.9461952441752,Historical,,
2020-03-23,531.4289716494668,Historical,,
2020-03-24,564.9447014285813,Historical,,
2020-03-25,573.0255928390337,Historical,,
2020-03-26,573.012590513046,Historical,,
2020-03-27,560.4647015889096,Historical,,
2020-03-28,561.558661416051,Historical,,
2020-03-29,540.287354497208,Historical,,
2020-03-30,549.1667516162861,Historical,,
2020-03-31,543.5071530241984,Historical,,
2020-04-01,543.5988184047314,Historical,,
2020-04-02,552.9045028271513,Historical,,
2020-04-03,513.6049920944674,Historical,,
2020-04-04,578.3665555987984,Historical,,
2020-04-05,539.6900448947398,Historical,,
2020-04-06,541.6454660351733,Historical,,
2020-04-07,572.259797432127,Historical,,
2020-04-08,557.0377223839184,Historical,,
2020-04-09,562.0558203722404,Historical,,
2020-04-10,560.7980630619218,Historical,,
2020-04-11,544.7011846330644,Historical,,
2020-04-12,566.0068627394126,Historical,,
2020-04-13,524.1614138682701,Historical,,
2020-04-14,532.7162801267325,Historical,,
2020-04-15,556.3656057856603,Historical,,
2020-04-16,547.7240587947547,Historical,,
2020-04-17,534.7691865004247,Historical,,
2020-04-18,567.2357996032074,Historical,,
2020-04-19,534.5063478401669,Historical,,
2020-04-20,577.3810156311581,Historical,,
2020-04-21,557.8159652260965,Historical,,
2020-04-22,549.5320435959223,Historical,,
2020-04-23,569.7344755020899,Historical,,
2020-04-24,545.934664329414,Historical,,
2020-04-25,548.8677375790827,Historical,,
2020-04-26,565.2939907513457,Historical,,
2020-04-27,590.4444551582949,Historical,,
2020-04-28,599.9366686316904,Historical,,
2020-04-29,534.2908125289359,Historical,,
2020-04-30,528.4239913528417,Historical,,
2020-05-01,554.7365408988942,Historical,,
2020-05-02,555.2813982289221,Historical,,
2020-05-03,550.1424898473445,Historical,,
2020-05-04,549.9241760847387,Historical,,
2020-05-05,544.6338704215036,Historical,,
2020-05-06,543.4226305079458,Historical,,
2020-05-07,554.0670682521896,Historical,,
2020-05-08,547.138584456879,Historical,,
2020-05-09,543.3358779058274,Historical,,
2020-05-10,570.0801837279098,Historical,,
2020-05-11,563.8690619944648,Historical,,
2020-05-12,573.3259963341227,Historical,,
2020-05-13,558.5940169528876,Historical,,
2020-05-14,542.1537032173646,Historical,,
2020-05-15,566.2179729963253,Historical,,
2020-05-16,542.5094965203863,Historical,,
2020-05-17,568.0304165997258,Historical,,
2020-05-18,554.7386147821329,Historical,,
2020-05-19,539.6560857443287,Historical,,
2020-05-20,539.5935283606698,Historical,,
2020-05-21,568.0454809029621,Historical,,
2020-05-22,540.3583915767013,Historical,,
2020-05-23,505.6499360175784,Historical,,
2020-05-24,532.5062180917542,Historical,,
2020-05-25,520.4897016758796,Historical,,
2020-05-26,531.7495414156764,Historical,,
2020-05-27,533.5122382296581,Historical,,
2020-05-28,500.04832935653553,Historical,,
2020-05-29,532.53269762355,Historical,,
2020-05-30,523.8393505663206,Historical,,
2020-05-31,530.7636210265188,Historical,,
2020-06-01,545.2643792733236,Historical,,
2020-06-02,529.0019807192864,Historical,,
2020-06-03,516.8819259154155,Historical,,
2020-06-04,505.5599659801439,Historical,,
2020-06-05,540.5022097744843,Historical,,
2020-06-06,481.2009916421928,Historical,,
2020-06-07,521.3862803070361,Historical,,
2020-06-08,524.7592430175912,Historical,,
2020-06-09,522.33526620604,Historical,,
2020-06-10,543.8911756742888,Historical,,
2020-06-11,520.4517604731158,Historical,,
2020-06-12,544.1904438440833,Historical,,
2020-06-13,533.9485676538917,Historical,,
2020-06-14,519.3192372997327,Historical,,
2020-06-15,543.5039552848625,Historical,,
2020-06-16,492.4102747750197,Historical,,
2020-06-17,490.4289764766234,Historical,,
2020-06-18,538.6792635132889,Historical,,
2020-06-19,499.7619334412569,Historical,,
2020-06-20,501.6824481701394,Historical,,
2020-06-21,509.2617247242717,Historical,,
2020-06-22,511.42335903985054,Historical,,
2020-06-23,537.3712632151493,Historical,,
2020-06-24,509.5945936852581,Historical,,
2020-06-25,533.1435935211251,Historical,,
2020-06-26,520.1400213175846,Historical,,
2020-06-27,544.7063543487826,Historical,,
2020-06-28,487.6675457755304,Historical,,
2020-06-29,524.1735529156912,Historical,,
2020-06-30,510.9448407035044,Historical,,
2020-07-01,502.5839555601426,Historical,,
2020-07-02,525.5616679169431,Historical,,
2020-07-03,487.7538715502377,Historical,,
2020-07-04,496.5202042883709,Historical,,
2020-07-05,540.6903463122468,Historical,,
2020-07-06,535.6934676659054,Historical,,
2020-07-07,510.9127998312457,Historical,,
2020-07-08,534.3730016672753,Historical,,
2020-07-09,489.6449213253039,Historical,,
2020-07-10,490.0897011047634,Historical,,
2020-07-11,515.498485049979,Historical,,
2020-07-12,490.077488914068,Historical,,
2020-07-13,483.4962102066828,Historical,,
2020-07-14,456.10602309223873,Historical,,
2020-07-15,495.1054759087121,Historical,,
2020-07-16,482.1421712561512,Historical,,
2020-07-17,501.0016171972688,Historical,,
2020-07-18,511.9844799850485,Historical,,
2020-07-19,509.7523423159007,Historical,,
2020-07-20,545.8336117296096,Historical,,
2020-07-21,500.8983477175405,Historical,,
2020-07-22,518.6813272891657,Historical,,
2020-07-23,480.567866852084,Historical,,
2020-07-24,531.9271384735321,Historical,,
2020-07-25,505.5813901252022,Historical,,
2020-07-26,478.6913493167516,Historical,,
2020-07-27,484.6324123254199,Historical,,
2020-07-28,505.2015605528643,Historical,,
2020-07-29,489.0065858530265,Historical,,
2020-07-30,467.3765064532945,Historical,,
2020-07-31,488.8750153327676,Historical,,
2020-08-01,488.8073919258202,Historical,,
2020-08-02,488.8410218544685,Historical,,
2020-08-03,515.9771204803405,Historical,,
2020-08-04,503.7145251957913,Historical,,
2020-08-05,500.4866355088116,Historical,,
2020-08-06,488.7297121454366,Historical,,
2020-08-07,484.4635691797397,Historical,,
2020-08-08,491.2927772488582,Historical,,
2020-08-09,474.92086933565633,Historical,,
2020-08-10,464.57045919857393,Historical,,
2020-08-11,475.2409831480143,Historical,,
2020-08-12,483.86213561845295,Historical,,
2020-08-13,510.5804557897469,Historical,,
2020-08-14,501.10087002525296,Historical,,
2020-08-15,483.8988039136199,Historical,,
2020-08-16,508.6834165286958,Historical,,
2020-08-17,481.3431935255867,Historical,,
2020-08-18,447.5162522575876,Historical,,
2020-08-19,501.0269987613311,Historical,,
2020-08-20,458.9422018624152,Historical,,
2020-08-21,454.0905634852593,Historical,,
2020-08-22,447.9373004970835,Historical,,
2020-08-23,482.99623966541424,Historical,,
2020-08-24,457.07260485597766,Historical,,
2020-08-25,459.3469415918184,Historical,,
2020-08-26,488.83120430917177,Historical,,
2020-08-27,461.8996500121163,Historical,,
2020-08-28,458.7270135193786,Historical,,
2020-08-29,449.7297565999138,Historical,,
2020-08-30,494.658028132577,Historical,,
2020-08-31,464.3990630132348,Historical,,
2020-09-01,480.0906722055433,Historical,,
2020-09-02,447.4972928858648,Historical,,
2020-09-03,462.0687487481816,Historical,,
2020-09-04,522.0351604230552,Historical,,
2020-09-05,474.9992967269064,Historical,,
2020-09-06,471.5325077068714,Historical,,
2020-09-07,491.55973572175816,Historical,,
2020-09-08,427.8700944152112,Historical,,
2020-09-09,470.1442890513286,Historical,,
2020-09-10,494.5563929703991,Historical,,
2020-09-11,468.0457909263859,Historical,,
2020-09-12,475.8262785956184,Historical,,
2020-09-13,477.60815771281415,Historical,,
2020-09-14,489.30599039072814,Historical,,
2020-09-15,444.0390823050441,Historical,,
2020-09-16,466.1920341331689,Historical,,
2020-09-17,457.5974108363256,Historical,,
2020-09-18,474.8093090899544,Historical,,
2020-09-19,483.0057360387676,Historical,,
2020-09-20,506.1003385878355,Historical,,
2020-09-21,457.9672031299164,Historical,,
2020-09-22,450.6321479972791,Historical,,
2020-09-23,487.1505707632666,Historical,,
2020-09-24,462.4120626331376,Historical,,
2020-09-25,474.6817438844272,Historical,,
2020-09-26,462.8024915251874,Historical,,
2020-09-27,482.37037847008,Historical,,
2020-09-28,472.2617230723163,Historical,,
2020-09-29,464.3605452759088,Historical,,
2020-09-30,466.0753679297145,Historical,,
2020-10-01,470.0243426192164,Historical,,
2020-10-02,465.5505750132427,Historical,,
2020-10-03,454.82579556486417,Historical,,
2020-10-04,449.40427984951225,Historical,,
2020-10-05,449.7786965034414,Historical,,
2020-10-06,468.52019904494,Historical,,
2020-10-07,483.4835329762238,Historical,,
2020-10-08,453.3327052932806,Historical,,
2020-10-09,438.4797254393511,Historical,,
2020-10-10,466.1090366424319,Historical,,
2020-10-11,457.29541486167216,Historical,,
2020-10-12,469.53993922633856,Historical,,
2020-10-13,504.360980509788,Historical,,
2020-10-14,477.9114451329259,Historical,,
2020-10-15,485.60736090744086,Historical,,
2020-10-16,437.2463382778456,Historical,,
2020-10-17,491.97386791724256,Historical,,
2020-10-18,513.7503496112909,Historical,,
2020-10-19,472.97844514075297,Historical,,
2020-10-20,490.715138055378,Historical,,
2020-10-21,490.2268736676506,Historical,,
2020-10-22,469.60125185776985,Historical,,
2020-10-23,466.62313970953926,Historical,,
2020-10-24,471.3611653840662,Historical,,
2020-10-25,464.3941949416807,Historical,,
2020-10-26,465.4788517837172,Historical,,
2020-10-27,470.7769578756729,Historical,,
2020-10-28,482.5735412483705,Historical,,
2020-10-29,493.06721778180406,Historical,,
2020-10-30,494.6598103797369,Historical,,
2020-10-31,471.9999408274714,Historical,,
2020-11-01,460.0292527608717,Historical,,
2020-11-02,462.1881719734964,Historical,,
2020-11-03,470.0151121822733,Historical,,
2020-11-04,498.7653574375239,Historical,,
2020-11-05,512.8567277676208,Historical,,
2020-11-06,458.9699393163985,Historical,,
2020-11-07,490.713990036072,Historical,,
2020-11-08,469.2901560554545,Historical,,
2020-11-09,503.8490617311343,Historical,,
2020-11-10,460.6365910757365,Historical,,
2020-11-11,467.77525712789645,Historical,,
2020-11-12,463.6375716310824,Historical,,
2020-11-13,495.6244241678135,Historical,,
2020-11-14,492.3613578441469,Historical,,
2020-11-15,483.4015885875236,Historical,,
2020-11-16,499.6930922330072,Historical,,
2020-11-17,470.28974372021634,Historical,,
2020-11-18,503.6181253202155,Historical,,
2020-11-19,508.60418184716855,Historical,,
2020-11-20,510.09263103323946,Historical,,
2020-11-21,506.3778172877976,Historical,,
2020-11-22,497.57303535307,Historical,,
2020-11-23,517.7520944141202,Historical,,
2020-11-24,508.0707379221904,Historical,,
2020-11-25,494.7088212776524,Historical,,
2020-11-26,493.78679769254745,Historical,,
2020-11-27,487.2193733447261,Historical,,
2020-11-28,512.2730974649755,Historical,,
2020-11-29,492.5153977890077,Historical,,
2020-11-30,504.8980858798959,Historical,,
2020-12-01,484.4277160314308,Historical,,
2020-12-02,505.0323801189288,Historical,,
2020-12-03,531.0849355021611,Historical,,
2020-12-04,500.5789106398178,Historical,,
2020-12-05,478.5031632993643,Historical,,
2020-12-06,501.5415288517628,Historical,,
2020-12-07,480.69237791113017,Historical,,
2020-12-08,488.0983262022066,Historical,,
2020-12-09,494.4430720483871,Historical,,
2020-12-10,492.5709240665855,Historical,,
2020-12-11,507.10523933701097,Historical,,
2020-12-12,494.32601327499697,Historical,,
2020-12-13,521.5165269823369,Historical,,
2020-12-14,490.3386507713199,Historical,,
2020-12-15,483.8325732274948,Historical,,
2020-12-16,511.64750839018393,Historical,,
2020-12-17,513.4231465347427,Historical,,
2020-12-18,510.90517601972215,Historical,,
2020-12-19,504.002589519817,Historical,,
2020-12-20,497.1540915764784,Historical,,
2020-12-21,490.9795023434568,Historical,,
2020-12-22,541.4351467656936,Historical,,
2020-12-23,524.8614884808356,Historical,,
2020-12-24,507.4765594824766,Historical,,
2020-12-25,523.4927732250857,Historical,,
2020-12-26,490.3265450192275,Historical,,
2020-12-27,543.1334922873473,Historical,,
2020-12-28,543.5952323319766,Historical,,
2020-12-29,494.8116497414782,Historical,,
2020-12-30,507.808161840208,Historical,,
2020-12-31,550.1281188575388,Historical,,
2021-01-01,524.4718317905138,Historical,,
2021-01-02,523.8990601067932,Historical,,
2021-01-03,523.7109671058162,Historical,,
2021-01-04,520.9040549308625,Historical,,
2021-01-05,564.2673330298765,Historical,,
2021-01-06,522.527018091647,Historical,,
2021-01-07,519.4729922416826,Historical,,
2021-01-08,527.2563716681124,Historical,,
2021-01-09,521.8318208101807,Historical,,
2021-01-10,513.9789353575023,Historical,,
2021-01-11,516.5805927524475,Historical,,
2021-01-12,569.0024223235123,Historical,,
2021-01-13,538.4357683354445,Historical,,
2021-01-14,581.2073260714544,Historical,,
2021-01-15,542.7774937291845,Historical,,
2021-01-16,531.3125698365958,Historical,,
2021-01-17,509.26105008661096,Historical,,
2021-01-18,532.4412730400247,Historical,,
2021-01-19,520.1645361809085,Historical,,
2021-01-20,540.903149443047,Historical,,
2021-01-21,538.0842927958406,Historical,,
2021-01-22,558.6450594251306,Historical,,
2021-01-23,568.1133476054822,Historical,,
2021-01-24,513.5500824127532,Historical,,
2021-01-25,526.8389643774734,Historical,,
2021-01-26,546.5364280902752,Historical,,
2021-01-27,539.1239956190857,Historical,,
2021-01-28,591.019206693983,Historical,,
2021-01-29,573.6480210808726,Historical,,
2021-01-30,554.8976525491952,Historical,,
2021-01-31,551.0660126102728,Historical,,
2021-02-01,573.3916266758972,Historical,,
2021-02-02,501.1506912320174,Historical,,
2021-02-03,541.3012090365378,Historical,,
2021-02-04,517.5001399338494,Historical,,
2021-02-05,583.820142352432,Historical,,
2021-02-06,576.2246298735785,Historical,,
2021-02-07,560.3135133277463,Historical,,
2021-02-08,531.3631166043077,Historical,,
2021-02-09,556.4404291741287,Historical,,
2021-02-10,565.9954776370735,Historical,,
2021-02-11,538.6527294242763,Historical,,
2021-02-12,553.5096931433294,Historical,,
2021-02-13,590.2372947329472,Historical,,
2021-02-14,546.0918462401019,Historical,,
2021-02-15,578.6659102924835,Historical,,
2021-02-16,577.9394553493286,Historical,,
2021-02-17,545.4191094834882,Historical,,
2021-02-18,552.9253082661356,Historical,,
2021-02-19,576.027479693635,Historical,,
2021-02-20,579.666999076646,Historical,,
2021-02-21,581.6702187251013,Historical,,
2021-02-22,584.2185043895136,Historical,,
2021-02-23,544.5287070836868,Historical,,
2021-02-24,575.25697406233,Historical,,
2021-02-25,571.9229445993066,Historical,,
2021-02-26,578.8076507012147,Historical,,
2021-02-27,574.3948761386956,Historical,,
2021-02-28,588.9969746234009,Historical,,
2021-03-01,601.964421276046,Historical,,
2021-03-02,569.5728181096988,Historical,,
2021-03-03,587.6474794667217,Historical,,
2021-03-04,566.2844810747421,Historical,,
2021-03-05,573.768593225154,Historical,,
2021-03-06,586.7489806180317,Historical,,
2021-03-07,596.7508972107773,Historical,,
2021-03-08,544.6942320708907,Historical,,
2021-03-09,584.9092835465663,Historical,,
2021-03-10,595.0512856642445,Historical,,
2021-03-11,568.5732364215833,Historical,,
2021-03-12,576.7963235166384,Historical,,
2021-03-13,565.8593248558735,Historical,,
2021-03-14,581.4946353209828,Historical,,
2021-03-15,581.4275476181856,Historical,,
2021-03-16,593.1071412200364,Historical,,
2021-03-17,617.4349801589166,Historical,,
2021-03-18,558.1501998716273,Historical,,
2021-03-19,570.6685243700326,Historical,,
2021-03-20,620.3628244696587,Historical,,
2021-03-21,561.3037599652287,Historical,,
2021-03-22,577.7597940647911,Historical,,
2021-03-23,556.5428191687164,Historical,,
2021-03-24,600.839887044511,Historical,,
2021-03-25,586.6516743162612,Historical,,
2021-03-26,586.7172345672863,Historical,,
2021-03-27,555.9871242317573,Historical,,
2021-03-28,541.3208340861501,Historical,,
2021-03-29,593.5004124381587,Historical,,
2021-03-30,578.6118274463295,Historical,,
2021-03-31,575.5761626534998,Historical,,
2021-04-01,582.4105762346907,Historical,,
2021-04-02,619.4464193286223,Historical,,
2021-04-03,570.0575171813938,Historical,,
2021-04-04,559.2106156703437,Historical,,
2021-04-05,556.5216014998807,Historical,,
2021-04-06,563.5076716461974,Historical,,
2021-04-07,574.4365727007875,Historical,,
2021-04-08,547.1802777270043,Historical,,
2021-04-09,583.5283277682087,Historical,,
2021-04-10,603.2483382188983,Historical,,
2021-04-11,568.1623247638112,Historical,,
2021-04-12,605.7597420334844,Historical,,
2021-04-13,568.0331141642004,Historical,,
2021-04-14,570.8989137907505,Historical,,
2021-04-15,553.090062724355,Historical,,
2021-04-16,542.9711307827118,Historical,,
2021-04-17,576.5553421349191,Historical,,
2021-04-18,581.8598739334693,Historical,,
2021-04-19,553.5834171844599,Historical,,
2021-04-20,563.8906912310443,Historical,,
2021-04-21,572.8299468030432,Historical,,
2021-04-22,606.0378867926146,Historical,,
2021-04-23,568.3272237097516,Historical,,
2021-04-24,628.8872514820624,Historical,,
2021-04-25,587.2533565803479,Historical,,
2021-04-26,600.2585203821923,Historical,,
2021-04-27,576.2108776209268,Historical,,
2021-04-28,562.8794093809789,Historical,,
2021-04-29,558.2831643707059,Historical,,
2021-04-30,572.9251312284039,Historical,,
2021-05-01,555.7067328496915,Historical,,
2021-05-02,604.3284872302057,Historical,,
2021-05-03,541.8444812589493,Historical,,
2021-05-04,570.0717630481798,Historical,,
2021-05-05,599.3157836228567,Historical,,
2021-05-06,547.0362890211294,Historical,,
2021-05-07,590.7148334419945,Historical,,
2021-05-08,610.369094161715,Historical,,
2021-05-09,586.4461929020584,Historical,,
2021-05-10,573.7217623513876,Historical,,
2021-05-11,571.3106742619259,Historical,,
2021-05-12,572.1070585967467,Historical,,
2021-05-13,565.829609308639,Historical,,
2021-05-14,591.5304784006312,Historical,,
2021-05-15,575.669899412613,Historical,,
2021-05-16,560.5792406509723,Historical,,
2021-05-17,569.0219939957947,Historical,,
2021-05-18,550.0572378644,Historical,,
2021-05-19,549.0252296779538,Historical,,
2021-05-20,542.0212905566696,Historical,,
2021-05-21,580.3124010515804,Historical,,
2021-05-22,596.1352434906225,Historical,,
2021-05-23,584.5571499485274,Historical,,
2021-05-24,534.3952874555831,Historical,,
2021-05-25,555.498974705963,Historical,,
2021-05-26,593.8261794483335,Historical,,
2021-05-27,572.1697589298227,Historical,,
2021-05-28,548.8187688755794,Historical,,
2021-05-29,551.5149901105586,Historical,,
2021-05-30,560.8830421734868,Historical,,
2021-05-31,543.0465750023588,Historical,,
2021-06-01,559.1221687573801,Historical,,
2021-06-02,545.439301300338,Historical,,
2021-06-03,576.9690438689878,Historical,,
2021-06-04,543.2184375893729,Historical,,
2021-06-05,548.5361099178527,Historical,,
2021-06-06,557.271677212592,Historical,,
2021-06-07,557.9020220028789,Historical,,
2021-06-08,563.2038336446882,Historical,,
2021-06-09,526.6756206907833,Historical,,
2021-06-10,520.230783147596,Historical,,
2021-06-11,594.6434605911207,Historical,,
2021-06-12,566.663356631877,Historical,,
2021-06-13,533.9721379008315,Historical,,
2021-06-14,530.181155093909,Historical,,
2021-06-15,533.4230177284999,Historical,,
2021-06-16,549.3770761728189,Historical,,
2021-06-17,553.349771958968,Historical,,
2021-06-18,559.8219902952432,Historical,,
2021-06-19,553.2532717757316,Historical,,
2021-06-20,541.9598024277227,Historical,,
2021-06-21,530.4007924957243,Historical,,
2021-06-22,540.7366524017253,Historical,,
2021-06-23,538.4149563984646,Historical,,
2021-06-24,523.2634911482128,Historical,,
2021-06-25,549.052708603541,Historical,,
2021-06-26,532.1826376546314,Historical,,
2021-06-27,562.4938639110686,Historical,,
2021-06-28,535.2624411005139,Historical,,
2021-06-29,530.2239942809276,Historical,,
2021-06-30,551.8891023005128,Historical,,
2021-07-01,561.1754088826267,Historical,,
2021-07-02,524.1576264398318,Historical,,
2021-07-03,536.7285548191699,Historical,,
2021-07-04,498.9903420793904,Historical,,
2021-07-05,536.465108093859,Historical,,
2021-07-06,523.6682906133568,Historical,,
2021-07-07,579.6820478903337,Historical,,
2021-07-08,504.0424131267037,Historical,,
2021-07-09,542.9545366309135,Historical,,
2021-07-10,536.6655555536381,Historical,,
2021-07-11,526.7772296212537,Historical,,
2021-07-12,528.6753100813777,Historical,,
2021-07-13,522.4297702717093,Historical,,
2021-07-14,528.6703594602749,Historical,,
2021-07-15,551.5384198609282,Historical,,
2021-07-16,534.1879469549397,Historical,,
2021-07-17,538.7862574397317,Historical,,
2021-07-18,525.7717499204911,Historical,,
2021-07-19,536.2543231694102,Historical,,
2021-07-20,526.4401129833483,Historical,,
2021-07-21,485.3179848128567,Historical,,
2021-07-22,517.0701822226874,Historical,,
2021-07-23,533.4752687029,Historical,,
2021-07-24,495.38103667097926,Historical,,
2021-07-25,500.4339048571228,Historical,,
2021-07-26,519.8067723283851,Historical,,
2021-07-27,558.3000632286422,Historical,,
2021-07-28,546.3872968216695,Historical,,
2021-07-29,528.7909231122363,Historical,,
2021-07-30,502.015550198188,Historical,,
2021-07-31,531.774661383109,Historical,,
2021-08-01,525.4334548148826,Historical,,
2021-08-02,517.6841105922924,Historical,,
2021-08-03,505.9014266534099,Historical,,
2021-08-04,500.2644119062427,Historical,,
2021-08-05,523.5783094611381,Historical,,
2021-08-06,509.7053930496263,Historical,,
2021-08-07,552.9610399790475,Historical,,
2021-08-08,525.6594747200957,Historical,,
2021-08-09,495.6461225062407,Historical,,
2021-08-10,512.5507232120065,Historical,,
2021-08-11,526.9340648373671,Historical,,
2021-08-12,497.6856985768938,Historical,,
2021-08-13,494.67263507206144,Historical,,
2021-08-14,520.8717260431524,Historical,,
2021-08-15,495.81220128676256,Historical,,
2021-08-16,507.19744479631913,Historical,,
2021-08-17,460.10510719789767,Historical,,
2021-08-18,488.1528022565204,Historical,,
2021-08-19,490.67514055487527,Historical,,
2021-08-20,509.0956459851144,Historical,,
2021-08-21,479.2485709620553,Historical,,
2021-08-22,520.230440782655,Historical,,
2021-08-23,557.631398664732,Historical,,
2021-08-24,527.1496357564382,Historical,,
2021-08-25,557.1483974477377,Historical,,
2021-08-26,489.61177722729366,Historical,,
2021-08-27,453.7920375689897,Historical,,
2021-08-28,485.8486669826752,Historical,,
2021-08-29,510.2707690389281,Historical,,
2021-08-30,480.4373493031953,Historical,,
2021-08-31,499.7081033610317,Historical,,
2021-09-01,527.2793410598384,Historical,,
2021-09-02,519.6348443215948,Historical,,
2021-09-03,499.37970196963977,Historical,,
2021-09-04,505.5461495628915,Historical,,
2021-09-05,518.4483584048697,Historical,,
2021-09-06,531.5096246175299,Historical,,
2021-09-07,511.7096845164991,Historical,,
2021-09-08,507.6054548382551,Historical,,
2021-09-09,491.8093831070934,Historical,,
2021-09-10,468.0828810395208,Historical,,
2021-09-11,535.6424840850844,Historical,,
2021-09-12,485.1362448870102,Historical,,
2021-09-13,514.2520209841022,Historical,,
2021-09-14,510.5969725674988,Historical,,
2021-09-15,518.5060491154529,Historical,,
2021-09-16,501.889849300389,Historical,,
2021-09-17,486.2509466012659,Historical,,
2021-09-18,530.9787727528923,Historical,,
2021-09-19,520.1434214145968,Historical,,
2021-09-20,507.79573434401874,Historical,,
2021-09-21,490.6079435902229,Historical,,
2021-09-22,537.3293502585329,Historical,,
2021-09-23,516.8050105030982,Historical,,
2021-09-24,510.3336182783682,Historical,,
2021-09-25,487.69022163451206,Historical,,
2021-09-26,531.7897170277153,Historical,,
2021-09-27,511.2611546017775,Historical,,
2021-09-28,503.0884906684808,Historical,,
2021-09-29,500.7687551261735,Historical,,
2021-09-30,471.3253345208232,Historical,,
2021-10-01,506.9526916758128,Historical,,
2021-10-02,514.9573605469612,Historical,,
2021-10-03,500.88770391922,Historical,,
2021-10-04,520.4343415056512,Historical,,
2021-10-05,493.11195664003617,Historical,,
2021-10-06,498.8332231283339,Historical,,
2021-10-07,545.3054392497017,Historical,,
2021-10-08,498.0051919051403,Historical,,
2021-10-09,506.2609884121725,Historical,,
2021-10-10,514.6994695179598,Historical,,
2021-10-11,502.9444957701113,Historical,,
2021-10-12,476.8878724922108,Historical,,
2021-10-13,520.6265660758386,Historical,,
2021-10-14,477.451008468096,Historical,,
2021-10-15,503.0829873317152,Historical,,
2021-10-16,537.4162564717192,Historical,,
2021-10-17,520.5428069854123,Historical,,
2021-10-18,485.4457785239273,Historical,,
2021-10-19,482.8355254157852,Historical,,
2021-10-20,490.6001938504866,Historical,,
2021-10-21,500.5059995062207,Historical,,
2021-10-22,505.232629172256,Historical,,
2021-10-23,533.3357979841904,Historical,,
2021-10-24,481.8105734755141,Historical,,
2021-10-25,515.5957942428099,Historical,,
2021-10-26,458.7270507984399,Historical,,
2021-10-27,501.8422979402501,Historical,,
2021-10-28,485.07695234401655,Historical,,
2021-10-29,512.8948063295691,Historical,,
2021-10-30,508.65211750994735,Historical,,
2021-10-31,493.09670321839945,Historical,,
2021-11-01,496.3235201497816,Historical,,
2021-11-02,491.2703281794687,Historical,,
2021-11-03,528.3348908877264,Historical,,
2021-11-04,554.2087197980252,Historical,,
2021-11-05,528.3778821192319,Historical,,
2021-11-06,471.73168429337113,Historical,,
2021-11-07,495.5287018043899,Historical,,
2021-11-08,522.0484925368048,Historical,,
2021-11-09,494.1432981479486,Historical,,
2021-11-10,542.8818054329035,Historical,,
2021-11-11,507.99293454734976,Historical,,
2021-11-12,515.9645361527708,Historical,,
2021-11-13,514.2749975204405,Historical,,
2021-11-14,519.1612567557231,Historical,,
2021-11-15,510.9247487872224,Historical,,
2021-11-16,517.4160337472932,Historical,,
2021-11-17,541.5926424020056,Historical,,
2021-11-18,508.2540554959936,Historical,,
2021-11-19,512.2442590291015,Historical,,
2021-11-20,479.3835555913584,Historical,,
2021-11-21,517.0392580303461,Historical,,
2021-11-22,508.8910479139903,Historical,,
2021-11-23,516.2999573312337,Historical,,
2021-11-24,499.9003083280227,Historical,,
2021-11-25,470.52776936579744,Historical,,
2021-11-26,507.2125008941216,Historical,,
2021-11-27,525.6338920855603,Historical,,
2021-11-28,541.9425824104281,Historical,,
2021-11-29,499.1032284706155,Historical,,
2021-11-30,514.6203737844237,Historical,,
2021-12-01,529.2752808243332,Historical,,
2021-12-02,515.9781129349207,Historical,,
2021-12-03,458.0826654996502,Historical,,
2021-12-04,560.4530875527256,Historical,,
2021-12-05,542.6391413775062,Historical,,
2021-12-06,516.0529831918026,Historical,,
2021-12-07,494.1621643759139,Historical,,
2021-12-08,563.9847020894568,Historical,,
2021-12-09,510.23715993661153,Historical,,
2021-12-10,555.6850376644416,Historical,,
2021-12-11,566.24576852789,Historical,,
2021-12-12,549.4810655690053,Historical,,
2021-12-13,535.129460032417,Historical,,
2021-12-14,526.5910470607989,Historical,,
2021-12-15,535.4294910528544,Historical,,
2021-12-16,529.1405176494122,Historical,,
2021-12-17,516.6065140575141,Historical,,
2021-12-18,583.360374011327,Historical,,
2021-12-19,555.0974643052308,Historical,,
2021-12-20,544.7294200503025,Historical,,
2021-12-21,543.798080786883,Historical,,
2021-12-22,540.6679754334301,Historical,,
2021-12-23,518.4454539530959,Historical,,
2021-12-24,539.5919795007717,Historical,,
2021-12-25,539.8596748457192,Historical,,
2021-12-26,504.5669325086742,Historical,,
2021-12-27,535.1244957518508,Historical,,
2021-12-28,536.6644839984743,Historical,,
2021-12-29,557.7807902399938,Historical,,
2021-12-30,542.8713318399076,Historical,,
2021-12-31,578.8667759537848,Historical,,
2022-01-01,587.4952299236761,Historical,,
2022-01-02,537.4769004299212,Historical,,
2022-01-03,538.8432732112908,Historical,,
2022-01-04,540.3303532138801,Historical,,
2022-01-05,593.5877738396181,Historical,,
2022-01-06,559.2778587993239,Historical,,
2022-01-07,587.1315224305214,Historical,,
2022-01-08,576.0450475542982,Historical,,
2022-01-09,540.1725023857415,Historical,,
2022-01-10,582.9366492435079,Historical,,
2022-01-11,551.3247774114062,Historical,,
2022-01-12,530.567379332316,Historical,,
2022-01-13,555.1164278375059,Historical,,
2022-01-14,552.235398449524,Historical,,
2022-01-15,545.2091133569367,Historical,,
2022-01-16,529.9644335162295,Historical,,
2022-01-17,574.297284414409,Historical,,
2022-01-18,585.8418447219217,Historical,,
2022-01-19,594.9294084780594,Historical,,
2022-01-20,573.8254136323777,Historical,,
2022-01-21,587.2548563570778,Historical,,
2022-01-22,549.161902383621,Historical,,
2022-01-23,538.5816763258198,Historical,,
2022-01-24,527.3830428303864,Historical,,
2022-01-25,608.1746871834558,Historical,,
2022-01-26,551.9913692400252,Historical,,
2022-01-27,597.3862377670341,Historical,,
2022-01-28,576.9258758491768,Historical,,
2022-01-29,553.9286927727449,Historical,,
2022-01-30,572.2371294417826,Historical,,
2022-01-31,582.2512856829502,Historical,,
2022-02-01,592.4377791429359,Historical,,
2022-02-02,568.7270610145604,Historical,,
2022-02-03,590.1173106838095,Historical,,
2022-02-04,602.1086225615998,Historical,,
2022-02-05,581.7419954978736,Historical,,
2022-02-06,581.8839909841234,Historical,,
2022-02-07,612.9597576442436,Historical,,
2022-02-08,612.9294841317983,Historical,,
2022-02-09,582.6192042627308,Historical,,
2022-02-10,550.4957924962491,Historical,,
2022-02-11,570.3602670707368,Historical,,
2022-02-12,583.5292746447965,Historical,,
2022-02-13,616.1176636087495,Historical,,
2022-02-14,569.7209150868758,Historical,,
2022-02-15,564.4801904255128,Historical,,
2022-02-16,618.9488154399512,Historical,,
2022-02-17,586.8516912448692,Historical,,
2022-02-18,599.8266481250839,Historical,,
2022-02-19,592.8657229003663,Historical,,
2022-02-20,575.84896624357,Historical,,
2022-02-21,591.9606215078081,Historical,,
2022-02-22,594.1392121720693,Historical,,
2022-02-23,592.7739466725905,Historical,,
2022-02-24,591.8951788426211,Historical,,
2022-02-25,596.467532040304,Historical,,
2022-02-26,602.4117313081044,Historical,,
2022-02-27,596.4851068307989,Historical,,
2022-02-28,576.0382435616153,Historical,,
2022-03-01,548.5184622337322,Historical,,
2022-03-02,582.5431888970198,Historical,,
2022-03-03,593.0506902847753,Historical,,
2022-03-04,643.8908609561897,Historical,,
2022-03-05,615.1290439960009,Historical,,
2022-03-06,591.0936329676964,Historical,,
2022-03-07,616.6932889326085,Historical,,
2022-03-08,634.686648209216,Historical,,
2022-03-09,585.009951055424,Historical,,
2022-03-10,600.00326023827,Historical,,
2022-03-11,609.0546564722732,Historical,,
2022-03-12,603.8464636389781,Historical,,
2022-03-13,602.4309101278466,Historical,,
2022-03-14,597.0221553831792,Historical,,
2022-03-15,590.6625975512701,Historical,,
2022-03-16,621.1539352264724,Historical,,
2022-03-17,615.5287119076658,Historical,,
2022-03-18,624.520851945738,Historical,,
2022-03-19,605.0027687954899,Historical,,
2022-03-20,623.2048701795975,Historical,,
2022-03-21,623.229378938484,Historical,,
2022-03-22,637.7139493480424,Historical,,
2022-03-23,597.6561122951225,Historical,,
2022-03-24,632.6584137604996,Historical,,
2022-03-25,612.0610911548475,Historical,,
2022-03-26,580.6332963748038,Historical,,
2022-03-27,596.9438105718558,Historical,,
2022-03-28,592.8680011015343,Historical,,
2022-03-29,609.2067256645157,Historical,,
2022-03-30,597.2338040426139,Historical,,
2022-03-31,576.5974333500715,Historical,,
2022-04-01,596.303533498385,Historical,,
2022-04-02,622.2659948530685,Historical,,
2022-04-03,619.288007434989,Historical,,
2022-04-04,604.4694796174759,Historical,,
2022-04-05,610.9603033137753,Historical,,
2022-04-06,602.0484182524052,Historical,,
2022-04-07,602.1671581999017,Historical,,
2022-04-08,604.597175740646,Historical,,
2022-04-09,578.3010569014673,Historical,,
2022-04-10,593.0598130162136,Historical,,
2022-04-11,602.489370748748,Historical,,
2022-04-12,585.80998816296,Historical,,
2022-04-13,622.5790156713978,Historical,,
2022-04-14,629.1970711819317,Historical,,
2022-04-15,621.7672298533126,Historical,,
2022-04-16,598.9245916699472,Historical,,
2022-04-17,606.977862433258,Historical,,
2022-04-18,635.2622433600338,Historical,,
2022-04-19,628.2687325637588,Historical,,
2022-04-20,622.0183880405951,Historical,,
2022-04-21,608.4357396347286,Historical,,
2022-04-22,651.3217432636756,Historical,,
2022-04-23,626.476642133358,Historical,,
2022-04-24,627.1156075793713,Historical,,
2022-04-25,581.0581277296195,Historical,,
2022-04-26,601.2054921279047,Historical,,
2022-04-27,572.862214285639,Historical,,
2022-04-28,592.5195389218276,Historical,,
2022-04-29,637.2979925256142,Historical,,
2022-04-30,609.3945524087706,Historical,,
2022-05-01,599.3126932193964,Historical,,
2022-05-02,613.1226225078588,Historical,,
2022-05-03,596.9299954786005,Historical,,
2022-05-04,623.8296698610008,Historical,,
2022-05-05,631.5110049397992,Historical,,
2022-05-06,593.9401464056377,Historical,,
2022-05-07,544.1073651949606,Historical,,
2022-05-08,607.7401826140012,Historical,,
2022-05-09,597.0423826834016,Historical,,
2022-05-10,589.5861815885057,Historical,,
2022-05-11,640.817476054938,Historical,,
2022-05-12,607.035090383226,Historical,,
2022-05-13,588.1009893828145,Historical,,
2022-05-14,611.5181667258959,Historical,,
2022-05-15,614.0785448340863,Historical,,
2022-05-16,596.3794902189833,Historical,,
2022-05-17,581.1860348496955,Historical,,
2022-05-18,544.513387861998,Historical,,
2022-05-19,611.2495356147699,Historical,,
2022-05-20,592.3787305903045,Historical,,
2022-05-21,625.5905592674019,Historical,,
2022-05-22,607.1736160084808,Historical,,
2022-05-23,571.195056823878,Historical,,
2022-05-24,580.4211633199479,Historical,,
2022-05-25,602.2433431574186,Historical,,
2022-05-26,584.08680117488,Historical,,
2022-05-27,568.7708280188702,Historical,,
2022-05-28,591.0865946503931,Historical,,
2022-05-29,639.7299426715174,Historical,,
2022-05-30,589.0719543761259,Historical,,
2022-05-31,571.8820800275693,Historical,,
2022-06-01,608.1056932956878,Historical,,
2022-06-02,579.5966272913554,Historical,,
2022-06-03,579.6835956652278,Historical,,
2022-06-04,623.3849099930607,Historical,,
2022-06-05,577.8835535657043,Historical,,
2022-06-06,550.2999051960991,Historical,,
2022-06-07,563.5149311226413,Historical,,
2022-06-08,580.3890398174635,Historical,,
2022-06-09,591.0804720059981,Historical,,
2022-06-10,580.6390687148527,Historical,,
2022-06-11,546.9803273693725,Historical,,
2022-06-12,568.5030283704226,Historical,,
2022-06-13,588.9738689571069,Historical,,
2022-06-14,576.691216570376,Historical,,
2022-06-15,575.5027475732973,Historical,,
2022-06-16,587.0965505058599,Historical,,
2022-06-17,559.2564510053004,Historical,,
2022-06-18,525.6765125056502,Historical,,
2022-06-19,573.1269806949641,Historical,,
2022-06-20,584.697654387174,Historical,,
2022-06-21,539.3054517105933,Historical,,
2022-06-22,570.6156412996289,Historical,,
2022-06-23,562.2169780809974,Historical,,
2022-06-24,569.7764859766525,Historical,,
2022-06-25,521.9250572557506,Historical,,
2022-06-26,531.1171376243036,Historical,,
2022-06-27,556.3125302430275,Historical,,
2022-06-28,541.8303284984157,Historical,,
2022-06-29,575.8286110995027,Historical,,
2022-06-30,557.6281750643335,Historical,,
2022-07-01,559.4738511547029,Historical,,
2022-07-02,545.9491593471425,Historical,,
2022-07-03,596.9632918245095,Historical,,
2022-07-04,569.6972226065913,Historical,,
2022-07-05,567.2935009860571,Historical,,
2022-07-06,530.3438664377062,Historical,,
2022-07-07,574.2976502667353,Historical,,
2022-07-08,568.6100209641114,Historical,,
2022-07-09,590.4575826813369,Historical,,
2022-07-10,547.2418638469031,Historical,,
2022-07-11,559.2578436109274,Historical,,
2022-07-12,532.7216715355879,Historical,,
2022-07-13,527.5193507618078,Historical,,
2022-07-14,554.3672553002071,Historical,,
2022-07-15,556.7721539362533,Historical,,
2022-07-16,525.5654409050605,Historical,,
2022-07-17,566.3516606339994,Historical,,
2022-07-18,528.1824211462341,Historical,,
2022-07-19,535.7390796746888,Historical,,
2022-07-20,567.5450892058659,Historical,,
2022-07-21,556.821583558251,Historical,,
2022-07-22,554.2774292179727,Historical,,
2022-07-23,569.5866319311245,Historical,,
2022-07-24,545.4810590733157,Historical,,
2022-07-25,563.862368985203,Historical,,
2022-07-26,564.1696829841277,Historical,,
2022-07-27,506.2675237153106,Historical,,
2022-07-28,534.7170759377652,Historical,,
2022-07-29,510.74129356778826,Historical,,
2022-07-30,523.5710748209231,Historical,,
2022-07-31,566.9425618767137,Historical,,
2022-08-01,517.93725877452,Historical,,
2022-08-02,562.8297847868374,Historical,,
2022-08-03,547.1337234762058,Historical,,
2022-08-04,533.1264958851222,Historical,,
2022-08-05,583.1661881381499,Historical,,
2022-08-06,548.1437136993848,Historical,,
2022-08-07,532.4834032058812,Historical,,
2022-08-08,522.735572110905,Historical,,
2022-08-09,574.1710697469067,Historical,,
2022-08-10,526.5823017541434,Historical,,
2022-08-11,540.7568848564463,Historical,,
2022-08-12,533.418086020236,Historical,,
2022-08-13,539.4542801997476,Historical,,
2022-08-14,556.1483831575979,Historical,,
2022-08-15,521.4680130056043,Historical,,
2022-08-16,517.9154072544827,Historical,,
2022-08-17,554.6501269540388,Historical,,
2022-08-18,539.5307799092326,Historical,,
2022-08-19,541.7988128831228,Historical,,
2022-08-20,513.3839079979158,Historical,,
2022-08-21,494.6766539300389,Historical,,
2022-08-22,543.9908666825022,Historical,,
2022-08-23,536.8884608890755,Historical,,
2022-08-24,525.6336768259799,Historical,,
2022-08-25,495.2259968765621,Historical,,
2022-08-26,506.2921552893182,Historical,,
2022-08-27,542.7469687429317,Historical,,
2022-08-28,527.7368540959266,Historical,,
2022-08-29,519.4867044023277,Historical,,
2022-08-30,525.3291723657828,Historical,,
2022-08-31,517.0828944266067,Historical,,
2022-09-01,514.4317412093367,Historical,,
2022-09-02,550.5239973054385,Historical,,
2022-09-03,515.9858377568991,Historical,,
2022-09-04,537.8235753242687,Historical,,
2022-09-05,513.0978670291806,Historical,,
2022-09-06,490.9275252875067,Historical,,
2022-09-07,529.3091404088407,Historical,,
2022-09-08,541.6654101406284,Historical,,
2022-09-09,537.4451471690229,Historical,,
2022-09-10,548.5526553904649,Historical,,
2022-09-11,523.9115175771229,Historical,,
2022-09-12,526.7644992986975,Historical,,
2022-09-13,523.2878490167485,Historical,,
2022-09-14,522.9678304195651,Historical,,
2022-09-15,503.1412195256864,Historical,,
2022-09-16,536.8668131582643,Historical,,
2022-09-17,534.3523636609738,Historical,,
2022-09-18,525.5692908469156,Historical,,
2022-09-19,498.66388674075057,Historical,,
2022-09-20,493.20624517736894,Historical,,
2022-09-21,500.6308395450609,Historical,,
2022-09-22,509.8878687566766,Historical,,
2022-09-23,524.3775876119104,Historical,,
2022-09-24,533.1039742142672,Historical,,
2022-09-25,502.83074617880845,Historical,,
2022-09-26,501.3304488341613,Historical,,
2022-09-27,518.4141988320175,Historical,,
2022-09-28,538.0706499891314,Historical,,
2022-09-29,565.9595996065041,Historical,,
2022-09-30,506.8169181537477,Historical,,
2022-10-01,481.7474714524253,Historical,,
2022-10-02,464.7270928326325,Historical,,
2022-10-03,512.2674657642622,Historical,,
2022-10-04,534.4363541786254,Historical,,
2022-10-05,511.8106076378589,Historical,,
2022-10-06,518.2083549820758,Historical,,
2022-10-07,519.7643486029527,Historical,,
2022-10-08,527.2950152192741,Historical,,
2022-10-09,507.6451317859453,Historical,,
2022-10-10,539.3833910097737,Historical,,
2022-10-11,503.4513841140542,Historical,,
2022-10-12,496.6252493785031,Historical,,
2022-10-13,504.1208472291179,Historical,,
2022-10-14,538.0126155756129,Historical,,
2022-10-15,509.708652668036,Historical,,
2022-10-16,487.2872597478692,Historical,,
2022-10-17,527.3560294312605,Historical,,
2022-10-18,514.2312236427465,Historical,,
2022-10-19,495.4671565284783,Historical,,
2022-10-20,531.8254373554315,Historical,,
2022-10-21,522.1270165236615,Historical,,
2022-10-22,516.7266050952034,Historical,,
2022-10-23,503.86916988644185,Historical,,
2022-10-24,517.791298505375,Historical,,
2022-10-25,476.4895122294617,Historical,,
2022-10-26,534.2616404421884,Historical,,
2022-10-27,487.3764091353102,Historical,,
2022-10-28,562.7766401359719,Historical,,
2022-10-29,519.8580199407577,Historical,,
2022-10-30,519.1528568898846,Historical,,
2022-10-31,550.0109496290333,Historical,,
2022-11-01,518.3665247050608,Historical,,
2022-11-02,510.7807315091189,Historical,,
2022-11-03,512.1998584012481,Historical,,
2022-11-04,533.3564718641048,Historical,,
2022-11-05,518.5647896700193,Historical,,
2022-11-06,532.6268216800999,Historical,,
2022-11-07,539.2518765667116,Historical,,
2022-11-08,505.8970011493043,Historical,,
2022-11-09,509.7503540231274,Historical,,
2022-11-10,518.2810244685543,Historical,,
2022-11-11,523.7292515997333,Historical,,
2022-11-12,516.2435949361858,Historical,,
2022-11-13,523.9185452001963,Historical,,
2022-11-14,549.9811303547702,Historical,,
2022-11-15,549.7697076708175,Historical,,
2022-11-16,544.5468261600681,Historical,,
2022-11-17,530.5342070079937,Historical,,
2022-11-18,537.1208875315201,Historical,,
2022-11-19,559.7632171824955,Historical,,
2022-11-20,550.221595557323,Historical,,
2022-11-21,551.6702323818854,Historical,,
2022-11-22,549.8870933936728,Historical,,
2022-11-23,541.0304265543529,Historical,,
2022-11-24,534.8242044740532,Historical,,
2022-11-25,570.3680567130326,Historical,,
2022-11-26,537.1874728322061,Historical,,
2022-11-27,514.0551598960026,Historical,,
2022-11-28,565.9854933008004,Historical,,
2022-11-29,575.4103040141766,Historical,,
2022-11-30,552.8145246085066,Historical,,
2022-12-01,575.7452945747951,Historical,,
2022-12-02,586.0343366255094,Historical,,
2022-12-03,549.6319972528037,Historical,,
2022-12-04,542.719817246052,Historical,,
2022-12-05,588.7272176966299,Historical,,
2022-12-06,553.7914043383057,Historical,,
2022-12-07,545.9704565669498,Historical,,
2022-12-08,595.1276002830879,Historical,,
2022-12-09,545.4321902872349,Historical,,
2022-12-10,549.6329169599744,Historical,,
2022-12-11,568.1497226579394,Historical,,
2022-12-12,578.7049436879956,Historical,,
2022-12-13,559.4892023026472,Historical,,
2022-12-14,532.002374382585,Historical,,
2022-12-15,549.0324551809797,Historical,,
2022-12-16,549.8433879764775,Historical,,
2022-12-17,552.254946816943,Historical,,
2022-12-18,544.5281030770109,Historical,,
2022-12-19,570.3692636679252,Historical,,
2022-12-20,554.7534433521778,Historical,,
2022-12-21,545.8586186447415,Historical,,
2022-12-22,583.6659926979789,Historical,,
2022-12-23,564.2782629617914,Historical,,
2022-12-24,539.649945522778,Historical,,
2022-12-25,560.7139796214558,Historical,,
2022-12-26,543.003814600257,Historical,,
2022-12-27,586.6700055354162,Historical,,
2022-12-28,566.9367107970277,Historical,,
2022-12-29,534.987624260204,Historical,,
2022-12-30,565.3205879393433,Historical,,
2022-12-31,600.4292942688463,Historical,,
2023-01-01,553.0838605120464,Historical,,
2023-01-02,583.503608156488,Historical,,
2023-01-03,559.5524905481295,Historical,,
2023-01-04,560.4018047158272,Historical,,
2023-01-05,552.8645315113374,Historical,,
2023-01-06,567.7063423341848,Historical,,
2023-01-07,578.960173950057,Historical,,
2023-01-08,557.5820618646949,Historical,,
2023-01-09,611.847542967713,Historical,,
2023-01-10,548.3520151685191,Historical,,
2023-01-11,588.4588897776786,Historical,,
2023-01-12,607.301630223108,Historical,,
2023-01-13,537.9461113709352,Historical,,
2023-01-14,573.6534779009551,Historical,,
2023-01-15,577.0636931989852,Historical,,
2023-01-16,595.9638652338156,Historical,,
2023-01-17,573.1408587691651,Historical,,
2023-01-18,584.4334677437353,Historical,,
2023-01-19,594.5065399209929,Historical,,
2023-01-20,612.1981739035361,Historical,,
2023-01-21,593.4204796450556,Historical,,
2023-01-22,602.871771065743,Historical,,
2023-01-23,565.0135611927869,Historical,,
2023-01-24,606.8969574967559,Historical,,
2023-01-25,606.7497117077318,Historical,,
2023-01-26,604.3344473379983,Historical,,
2023-01-27,603.9193619382858,Historical,,
2023-01-28,627.3754297914759,Historical,,
2023-01-29,611.7521523480049,Historical,,
2023-01-30,607.7033478263634,Historical,,
2023-01-31,597.4390660559077,Historical,,
2023-02-01,588.9398005315619,Historical,,
2023-02-02,604.2662969965124,Historical,,
2023-02-03,624.809631987816,Historical,,
2023-02-04,611.9740159668387,Historical,,
2023-02-05,588.7815037297718,Historical,,
2023-02-06,643.8964572447929,Historical,,
2023-02-07,594.6589109842932,Historical,,
2023-02-08,606.1076305934224,Historical,,
2023-02-09,639.1264964601021,Historical,,
2023-02-10,580.8501304000985,Historical,,
2023-02-11,627.6115397025592,Historical,,
2023-02-12,576.7814235906687,Historical,,
2023-02-13,626.5006865871595,Historical,,
2023-02-14,617.0269877930526,Historical,,
2023-02-15,620.8526705100703,Historical,,
2023-02-16,581.8896434799947,Historical,,
2023-02-17,619.8720393694002,Historical,,
2023-02-18,594.8966465855227,Historical,,
2023-02-19,589.7152881902401,Historical,,
2023-02-20,605.2277786979043,Historical,,
2023-02-21,608.5862336906147,Historical,,
2023-02-22,647.8007949125573,Historical,,
2023-02-23,616.3732531929791,Historical,,
2023-02-24,617.020285402923,Historical,,
2023-02-25,609.0274684873784,Historical,,
2023-02-26,621.0067716091897,Historical,,
2023-02-27,586.8269435394653,Historical,,
2023-02-28,582.5468924898912,Historical,,
2023-03-01,596.7917671210461,Historical,,
2023-03-02,614.3396070580987,Historical,,
2023-03-03,625.6979960670069,Historical,,
2023-03-04,613.8493954462746,Historical,,
2023-03-05,608.5394387448264,Historical,,
2023-03-06,650.6296217146614,Historical,,
2023-03-07,644.22934941383,Historical,,
2023-03-08,623.2958405833333,Historical,,
2023-03-09,620.5989620919229,Historical,,
2023-03-10,621.3934408697071,Historical,,
2023-03-11,622.8146058307295,Historical,,
2023-03-12,607.1909657899208,Historical,,
2023-03-13,614.7245509116859,Historical,,
2023-03-14,627.886329769805,Historical,,
2023-03-15,640.5300614536496,Historical,,
2023-03-16,632.2560189705133,Historical,,
2023-03-17,629.7334219804973,Historical,,
2023-03-18,648.4259625169026,Historical,,
2023-03-19,631.9868857058154,Historical,,
2023-03-20,586.4798340932109,Historical,,
2023-03-21,633.5643775261909,Historical,,
2023-03-22,642.2421069031958,Historical,,
2023-03-23,630.0594626397022,Historical,,
2023-03-24,623.6036390295328,Historical,,
2023-03-25,652.5099745615457,Historical,,
2023-03-26,674.7372779421011,Historical,,
2023-03-27,646.5579288807654,Historical,,
2023-03-28,611.324348915953,Historical,,
2023-03-29,604.3683099235222,Historical,,
2023-03-30,655.6594969661888,Historical,,
2023-03-31,633.0053386350469,Historical,,
2023-04-01,617.9673255297425,Historical,,
2023-04-02,627.8384984351704,Historical,,
2023-04-03,661.2432379659302,Historical,,
2023-04-04,629.4220521848721,Historical,,
2023-04-05,648.5041375420677,Historical,,
2023-04-06,612.8031819483715,Historical,,
2023-04-07,644.1599388014123,Historical,,
2023-04-08,637.4772511883968,Historical,,
2023-04-09,637.9085738395563,Historical,,
2023-04-10,585.883121490813,Historical,,
2023-04-11,602.6920716056736,Historical,,
2023-04-12,631.3424764299534,Historical,,
2023-04-13,657.7449644594577,Historical,,
2023-04-14,619.271349209109,Historical,,
2023-04-15,599.0321131854316,Historical,,
2023-04-16,613.0353399433991,Historical,,
2023-04-17,669.5745677446599,Historical,,
2023-04-18,607.6528179050929,Historical,,
2023-04-19,664.4730950626997,Historical,,
2023-04-20,620.7112025943845,Historical,,
2023-04-21,576.2106217807651,Historical,,
2023-04-22,637.2771534785552,Historical,,
2023-04-23,610.2321254681974,Historical,,
2023-04-24,648.4346101930447,Historical,,
2023-04-25,642.0418164388705,Historical,,
2023-04-26,640.5323095927649,Historical,,
2023-04-27,637.0725078261454,Historical,,
2023-04-28,635.8950839581022,Historical,,
2023-04-29,648.25872530712,Historical,,
2023-04-30,651.8682506472463,Historical,,
2023-05-01,622.3819906988191,Historical,,
2023-05-02,628.0264866161145,Historical,,
2023-05-03,633.6185434983664,Historical,,
2023-05-04,632.4838297019713,Historical,,
2023-05-05,616.2331236517692,Historical,,
2023-05-06,611.5112060964265,Historical,,
2023-05-07,630.8448974244138,Historical,,
2023-05-08,658.6569360788463,Historical,,
2023-05-09,629.4640602211418,Historical,,
2023-05-10,630.6289159057759,Historical,,
2023-05-11,635.8705212970624,Historical,,
2023-05-12,638.5865299350228,Historical,,
2023-05-13,615.8734186246855,Historical,,
2023-05-14,632.3121907560111,Historical,,
2023-05-15,613.0738732443733,Historical,,
2023-05-16,623.8800250515957,Historical,,
2023-05-17,592.9491153137952,Historical,,
2023-05-18,595.970756349732,Historical,,
2023-05-19,633.8776933096154,Historical,,
2023-05-20,651.1168660658523,Historical,,
2023-05-21,583.8711040030121,Historical,,
2023-05-22,615.5033777730229,Historical,,
2023-05-23,628.1515025360401,Historical,,
2023-05-24,577.7413190650831,Historical,,
2023-05-25,638.1932126470571,Historical,,
2023-05-26,642.2799820429318,Historical,,
2023-05-27,620.4082713964078,Historical,,
2023-05-28,640.6900742472831,Historical,,
2023-05-29,612.6397856339781,Historical,,
2023-05-30,597.5436191195699,Historical,,
2023-05-31,637.3914845088292,Historical,,
2023-06-01,607.1829637693932,Historical,,
2023-06-02,616.4626279457785,Historical,,
2023-06-03,620.1796387462467,Historical,,
2023-06-04,605.7078259726554,Historical,,
2023-06-05,597.0993787702688,Historical,,
2023-06-06,577.8211660658411,Historical,,
2023-06-07,592.6950296455179,Historical,,
2023-06-08,598.9571042317957,Historical,,
2023-06-09,595.7002107215134,Historical,,
2023-06-10,605.5905001132711,Historical,,
2023-06-11,589.7398793092397,Historical,,
2023-06-12,593.1809846290475,Historical,,
2023-06-13,595.6542504462024,Historical,,
2023-06-14,606.9402112329756,Historical,,
2023-06-15,622.1572371830512,Historical,,
2023-06-16,592.4439975936698,Historical,,
2023-06-17,594.7852681176685,Historical,,
2023-06-18,599.9061285194153,Historical,,
2023-06-19,581.4925094327912,Historical,,
2023-06-20,618.3440191443017,Historical,,
2023-06-21,575.3039926812344,Historical,,
2023-06-22,621.4749209659865,Historical,,
2023-06-23,597.6396732561667,Historical,,
2023-06-24,595.7061940689379,Historical,,
2023-06-25,614.2174385805804,Historical,,
2023-06-26,596.6522941803439,Historical,,
2023-06-27,627.6237304742973,Historical,,
2023-06-28,604.6935277311762,Historical,,
2023-06-29,576.5602209173613,Historical,,
2023-06-30,621.0937638489778,Historical,,
2023-07-01,562.1432889760367,Historical,,
2023-07-02,586.5884339577292,Historical,,
2023-07-03,557.0823622500432,Historical,,
2023-07-04,578.5892926278668,Historical,,
2023-07-05,587.6281295099976,Historical,,
2023-07-06,581.8954138287504,Historical,,
2023-07-07,588.5674574809074,Historical,,
2023-07-08,590.8453869930312,Historical,,
2023-07-09,594.9871198249275,Historical,,
2023-07-10,581.0864451181193,Historical,,
2023-07-11,562.9310147914554,Historical,,
2023-07-12,576.4504986640378,Historical,,
2023-07-13,592.9001621957028,Historical,,
2023-07-14,583.8748984336207,Historical,,
2023-07-15,599.7405285215862,Historical,,
2023-07-16,616.4058602324906,Historical,,
2023-07-17,628.2278138351999,Historical,,
2023-07-18,631.3302997377363,Historical,,
2023-07-19,618.9364725261943,Historical,,
2023-07-20,557.5532243284686,Historical,,
2023-07-21,581.0374390054347,Historical,,
2023-07-22,601.3219015743658,Historical,,
2023-07-23,573.4760127156517,Historical,,
2023-07-24,559.797749796356,Historical,,
2023-07-25,603.5770789257284,Historical,,
2023-07-26,551.2744237446749,Historical,,
2023-07-27,561.8144995399198,Historical,,
2023-07-28,549.4353259485049,Historical,,
2023-07-29,569.7211559783198,Historical,,
2023-07-30,552.8385228672595,Historical,,
2023-07-31,601.3338811720613,Historical,,
2023-08-01,550.5452394694255,Historical,,
2023-08-02,568.3495551683085,Historical,,
2023-08-03,573.6814208201462,Historical,,
2023-08-04,567.9699831664657,Historical,,
2023-08-05,535.2550161313462,Historical,,
2023-08-06,580.0279627965662,Historical,,
2023-08-07,543.0695143349209,Historical,,
2023-08-08,556.3562005357213,Historical,,
2023-08-09,568.3267489963251,Historical,,
2023-08-10,591.7982264093206,Historical,,
2023-08-11,547.3902072865378,Historical,,
2023-08-12,555.1192699766245,Historical,,
2023-08-13,579.2182760366368,Historical,,
2023-08-14,551.1560918347536,Historical,,
2023-08-15,534.1264234100511,Historical,,
2023-08-16,569.0924818880095,Historical,,
2023-08-17,511.8669535374473,Historical,,
2023-08-18,518.5920975185256,Historical,,
2023-08-19,572.0432868334598,Historical,,
2023-08-20,566.7860464982158,Historical,,
2023-08-21,573.5453567567389,Historical,,
2023-08-22,523.2507758547505,Historical,,
2023-08-23,525.3445090293262,Historical,,
2023-08-24,532.8812243505439,Historical,,
2023-08-25,557.1966692366123,Historical,,
2023-08-26,540.7502990815234,Historical,,
2023-08-27,603.1666363846208,Historical,,
2023-08-28,577.5915784934566,Historical,,
2023-08-29,538.7825124421105,Historical,,
2023-08-30,545.9415483104856,Historical,,
2023-08-31,548.091204858589,Historical,,
2023-09-01,550.9601813841789,Historical,,
2023-09-02,549.0750445417412,Historical,,
2023-09-03,538.8749990139604,Historical,,
2023-09-04,579.5612696412188,Historical,,
2023-09-05,569.8723862725996,Historical,,
2023-09-06,577.5993127508756,Historical,,
2023-09-07,558.5231236851301,Historical,,
2023-09-08,559.6971555052696,Historical,,
2023-09-09,497.79875608051447,Historical,,
2023-09-10,553.0906715923392,Historical,,
2023-09-11,516.8884418639097,Historical,,
2023-09-12,535.4911661995013,Historical,,
2023-09-13,551.6537219833641,Historical,,
2023-09-14,533.236612975656,Historical,,
2023-09-15,560.0972309127748,Historical,,
2023-09-16,517.3877126958178,Historical,,
2023-09-17,499.4386415164347,Historical,,
2023-09-18,545.3640767011236,Historical,,
2023-09-19,519.2078021238383,Historical,,
2023-09-20,550.0530726060682,Historical,,
2023-09-21,549.8725045604089,Historical,,
2023-09-22,509.4503971411392,Historical,,
2023-09-23,507.8951001347735,Historical,,
2023-09-24,524.3983233799397,Historical,,
2023-09-25,540.5761227829109,Historical,,
2023-09-26,519.6605656724677,Historical,,
2023-09-27,540.0195367946562,Historical,,
2023-09-28,553.6819910852585,Historical,,
2023-09-29,504.9895445475104,Historical,,
2023-09-30,545.525152852197,Historical,,
2023-10-01,547.7220706259865,Historical,,
2023-10-02,562.9787638490451,Historical,,
2023-10-03,543.2944672101945,Historical,,
2023-10-04,542.7764599886681,Historical,,
2023-10-05,559.1335229122859,Historical,,
2023-10-06,553.8012978812463,Historical,,
2023-10-07,552.0584197054894,Historical,,
2023-10-08,528.0153034479438,Historical,,
2023-10-09,545.7818845690838,Historical,,
2023-10-10,555.1376155454624,Historical,,
2023-10-11,513.6403394992254,Historical,,
2023-10-12,548.5257262423144,Historical,,
2023-10-13,578.5222748230785,Historical,,
2023-10-14,549.3189977707548,Historical,,
2023-10-15,527.6602783163983,Historical,,
2023-10-16,506.9733965420425,Historical,,
2023-10-17,560.2991604145936,Historical,,
2023-10-18,538.4399555492464,Historical,,
2023-10-19,535.2727724632465,Historical,,
2023-10-20,578.8847851658472,Historical,,
2023-10-21,576.3835056797205,Historical,,
2023-10-22,558.9412417373632,Historical,,
2023-10-23,567.391442136857,Historical,,
2023-10-24,551.4650127635225,Historical,,
2023-10-25,544.2967743250538,Historical,,
2023-10-26,540.8227738437153,Historical,,
2023-10-27,546.5900896456685,Historical,,
2023-10-28,534.1976903224117,Historical,,
2023-10-29,516.5792360539231,Historical,,
2023-10-30,563.8410365852377,Historical,,
2023-10-31,561.2668997137758,Historical,,
2023-11-01,542.4014720716888,Historical,,
2023-11-02,522.9268846179768,Historical,,
2023-11-03,544.9908647128922,Historical,,
2023-11-04,562.2209470795596,Historical,,
2023-11-05,559.4773644591871,Historical,,
2023-11-06,524.326918632239,Historical,,
2023-11-07,592.350517189672,Historical,,
2023-11-08,535.6655098751935,Historical,,
2023-11-09,544.5275437327111,Historical,,
2023-11-10,559.4849757854173,Historical,,
2023-11-11,570.9858336872398,Historical,,
2023-11-12,592.3854514186773,Historical,,
2023-11-13,570.830184904213,Historical,,
2023-11-14,569.3213912223457,Historical,,
2023-11-15,563.5545885385477,Historical,,
2023-11-16,553.3547002746375,Historical,,
2023-11-17,563.8498333706848,Historical,,
2023-11-18,543.9226534518845,Historical,,
2023-11-19,611.7304121273102,Historical,,
2023-11-20,549.182532901599,Historical,,
2023-11-21,574.0066821860079,Historical,,
2023-11-22,569.7681935924093,Historical,,
2023-11-23,563.1063600167206,Historical,,
2023-11-24,578.5953633395267,Historical,,
2023-11-25,539.076119603513,Historical,,
2023-11-26,565.2118236196455,Historical,,
2023-11-27,541.4462537008234,Historical,,
2023-11-28,565.2584876902149,Historical,,
2023-11-29,562.2128444355444,Historical,,
2023-11-30,573.2549665284289,Historical,,
2023-12-01,623.3476557480748,Historical,,
2023-12-02,563.4374647804246,Historical,,
2023-12-03,562.9230765365174,Historical,,
2023-12-04,564.9124001282231,Historical,,
2023-12-05,551.2797848469751,Historical,,
2023-12-06,572.4655687091972,Historical,,
2023-12-07,580.5745915056617,Historical,,
2023-12-08,594.8798184847205,Historical,,
2023-12-09,568.8579193318861,Historical,,
2023-12-10,565.5442642833667,Historical,,
2023-12-11,569.1026497152178,Historical,,
2023-12-12,608.2695446185144,Historical,,
2023-12-13,580.2643111620724,Historical,,
2023-12-14,585.6144386829226,Historical,,
2023-12-15,582.131704932848,Historical,,
2023-12-16,565.4736497628635,Historical,,
2023-12-17,592.7146807056081,Historical,,
2023-12-18,599.5736521729852,Historical,,
2023-12-19,559.482613456719,Historical,,
2023-12-20,587.2674120759335,Historical,,
2023-12-21,656.6027953219541,Historical,,
2023-12-22,562.4635062693026,Historical,,
2023-12-23,606.1047677906155,Historical,,
2023-12-24,564.2689766649656,Historical,,
2023-12-25,601.0910555762777,Historical,,
2023-12-26,612.8712398486239,Historical,,
2023-12-27,622.3377060944501,Historical,,
2023-12-28,573.8651404188149,Historical,,
2023-12-29,645.6516944956057,Historical,,
2023-12-30,607.7131452165319,Historical,,
2023-12-31,584.3698077877276,Historical,,
